track,frame,x,y,class,width,height
1,6,502,329,car,78,53
4,6,123,332,car,129,83
1,7,519,318,car,75,51
4,7,99,339,car,175,113
1,8,536,309,car,74,50
4,8,88,341,car,189,122
1,9,553,301,car,72,49
1,10,567,292,car,73,50
1,11,581,284,car,68,47
1,12,595,277,car,66,45
1,13,610,268,car,64,44
5,17,506,200,car,55,40
5,18,491,206,car,55,41
5,19,478,211,car,55,41
5,20,465,215,car,58,43
5,21,452,219,car,56,41
5,22,438,225,car,56,42
5,23,424,229,car,59,44
5,24,410,235,car,61,45
5,25,396,241,car,62,46
5,26,380,246,car,62,46
5,27,363,251,car,63,46
5,28,348,257,car,66,49
5,29,332,263,car,68,50
5,30,315,270,car,69,51
5,31,298,276,car,71,52
5,32,280,284,car,72,53
5,33,261,291,car,74,55
5,34,244,298,car,74,54
5,35,223,305,car,76,56
5,36,204,312,car,77,57
5,37,183,321,car,80,59
5,38,162,328,car,82,60
5,39,138,337,car,85,62
5,40,116,347,car,88,65
8,40,513,202,car,51,33
5,41,92,356,car,89,66
8,41,500,206,car,52,34
5,42,74,363,car,91,67
8,42,487,211,car,54,35
8,43,474,217,car,55,35
8,44,460,221,car,54,35
8,45,448,225,car,57,37
8,46,433,231,car,59,37
9,46,255,468,car,114,71
8,47,420,236,car,61,39
9,47,282,454,car,112,71
8,48,405,242,car,62,39
9,48,307,438,car,106,67
8,49,390,247,car,63,40
9,49,330,425,car,101,64
8,50,374,253,car,65,41
9,50,353,410,car,98,62
11,50,506,226,car,62,48
8,51,358,258,car,64,40
9,51,375,398,car,94,60
11,51,495,230,car,62,48
8,52,343,265,car,66,41
9,52,396,385,car,93,60
11,52,480,236,car,68,53
8,53,325,271,car,67,42
9,53,416,374,car,91,58
11,53,465,243,car,65,50
8,54,308,276,car,66,41
9,54,436,363,car,90,58
11,54,449,249,car,67,52
8,55,293,283,car,69,43
9,55,456,352,car,84,54
11,55,436,253,car,74,58
8,56,275,290,car,73,45
9,56,474,342,car,83,54
11,56,422,259,car,75,59
8,57,256,297,car,73,45
9,57,491,332,car,78,51
11,57,404,267,car,74,58
8,58,236,304,car,72,45
9,58,508,324,car,79,52
11,58,385,275,car,68,54
8,59,218,313,car,75,47
9,59,524,315,car,76,50
11,59,369,282,car,70,55
8,60,198,320,car,79,49
9,60,540,306,car,74,48
11,60,353,289,car,74,58
8,61,178,328,car,79,48
9,61,556,298,car,72,48
11,61,335,298,car,76,59
8,62,155,337,car,81,49
9,62,570,290,car,71,47
11,62,317,307,car,74,58
4,63,502,227,car,72,46
8,63,132,346,car,85,51
9,63,585,282,car,67,45
11,63,293,318,car,66,51
4,64,493,230,car,76,49
8,64,109,353,car,87,52
9,64,598,273,car,65,44
11,64,276,324,car,75,57
4,65,480,234,car,74,48
8,65,84,364,car,89,53
9,65,615,263,car,63,43
11,65,257,333,car,76,57
4,66,467,240,car,72,47
8,66,65,371,car,91,54
11,66,237,341,car,81,60
4,67,452,247,car,81,53
11,67,218,347,car,90,67
4,68,437,253,car,76,49
11,68,194,355,car,81,59
4,69,422,259,car,76,49
11,69,166,368,car,86,64
4,70,407,264,car,79,52
11,70,140,380,car,89,66
4,71,391,270,car,78,50
11,71,117,391,car,93,69
4,72,375,277,car,81,53
11,72,90,403,car,95,71
4,73,358,284,car,82,53
11,73,67,415,car,98,72
4,74,341,291,car,86,56
11,74,47,424,car,100,73
4,75,322,298,car,88,57
4,76,303,306,car,94,60
4,77,283,313,car,97,62
4,78,265,322,car,99,63
4,79,246,331,car,101,63
4,80,224,340,car,100,62
4,81,201,348,car,98,61
4,82,178,359,car,108,67
4,83,154,369,car,107,67
4,84,131,381,car,112,70
4,85,104,393,car,117,73
4,86,79,405,car,121,75
4,87,59,413,car,123,76
26,98,496,207,car,57,39
26,99,483,212,car,57,40
26,100,468,217,car,57,40
26,101,454,221,car,58,40
26,102,438,226,car,59,41
26,103,424,231,car,61,42
26,104,409,238,car,62,42
26,105,392,244,car,65,45
26,106,376,250,car,65,45
26,107,360,257,car,67,46
26,108,344,264,car,66,46
26,109,325,270,car,69,48
26,110,307,277,car,70,49
26,111,289,284,car,73,51
26,112,270,292,car,78,55
26,113,250,299,car,79,55
26,114,228,309,car,80,56
26,115,207,317,car,82,57
26,116,184,325,car,82,57
26,117,164,335,car,88,62
26,118,139,344,car,88,61
26,119,113,352,car,90,63
29,119,289,496,car,247,212
26,120,88,363,car,93,65
29,120,315,481,car,239,202
26,121,69,371,car,95,66
29,121,330,468,car,234,196
29,122,360,454,car,233,193
29,123,385,438,car,234,191
29,124,405,426,car,229,186
29,125,417,414,car,216,174
29,126,441,400,car,210,168
29,127,458,391,car,204,163
29,128,477,379,car,200,158
29,129,489,368,car,199,157
29,130,505,361,car,194,153
29,131,524,351,car,189,148
29,132,540,340,car,184,143
29,133,555,333,car,181,139
29,134,568,324,car,174,131
29,135,579,316,car,166,125
29,136,585,311,car,160,121
29,137,596,307,car,149,113
29,138,610,298,car,141,107
30,139,504,230,car,52,34
30,140,488,236,car,53,34
30,141,471,242,car,55,36
30,142,454,249,car,59,38
30,143,437,256,car,61,40
30,144,418,265,car,61,40
30,145,399,273,car,63,41
30,146,379,281,car,62,40
30,147,360,288,car,63,40
30,148,339,297,car,66,42
30,149,318,306,car,65,41
30,150,301,313,car,66,42
35,182,491,238,car,63,39
35,183,474,244,car,63,39
35,184,455,253,car,64,40
35,185,436,263,car,71,44
35,186,417,270,car,70,44
35,187,396,277,car,68,43
35,188,374,286,car,71,44
35,189,353,296,car,75,47
35,190,329,306,car,75,46
35,191,306,316,car,80,49
35,192,281,327,car,84,51
35,193,255,338,car,85,52
35,194,228,350,car,85,51
35,195,201,361,car,86,51
35,196,169,376,car,96,58
35,197,138,389,car,101,60
35,198,107,404,car,104,61
35,199,71,419,car,105,62
36,199,259,468,car,110,72
35,200,46,430,car,107,63
36,200,288,454,car,105,69
36,201,312,439,car,100,66
36,202,337,425,car,97,64
36,203,361,414,car,90,60
36,204,382,400,car,87,58
36,205,402,388,car,86,57
36,206,422,377,car,85,57
36,207,440,366,car,81,55
36,208,459,356,car,76,51
36,209,478,347,car,75,51
36,210,495,337,car,73,49
36,211,516,326,car,70,48
36,212,529,319,car,69,47
36,213,542,311,car,72,49
36,214,557,303,car,68,46
36,215,570,296,car,66,45
36,216,584,287,car,66,46
36,217,597,280,car,63,44
36,218,614,270,car,61,43
43,233,249,466,car,128,80
43,234,278,449,car,125,79
43,235,305,433,car,123,78
43,236,331,418,car,116,74
43,237,356,404,car,112,72
43,238,380,390,car,106,68
43,239,402,377,car,102,66
43,240,423,367,car,98,64
43,241,442,354,car,97,63
43,242,461,344,car,95,63
43,243,481,334,car,88,59
43,244,499,323,car,84,56
43,245,515,314,car,84,56
43,246,533,305,car,79,52
43,247,550,295,car,82,55
43,248,565,286,car,80,54
43,249,580,278,car,73,49
43,250,593,271,car,73,50
43,251,603,264,car,68,47
43,252,620,254,car,65,45
47,261,303,522,car,115,80
47,262,334,500,car,110,76
47,263,363,482,car,109,76
47,264,389,466,car,104,73
47,265,416,448,car,102,72
47,266,438,432,car,95,67
47,267,460,416,car,94,67
47,268,487,398,car,90,64
49,320,256,518,car,189,176
49,321,295,499,car,179,165
49,322,318,481,car,175,161
49,323,342,464,car,173,159
49,324,363,446,car,166,153
49,325,380,431,car,154,144
49,326,387,447,car,90,81
49,327,410,434,car,74,66
50,336,593,310,car,99,104
50,337,603,306,car,104,109
53,394,519,223,car,51,33
53,395,504,229,car,54,35
53,396,489,236,car,60,40
53,397,475,239,car,59,39
53,398,460,243,car,58,38
53,399,446,249,car,59,38
53,400,431,255,car,61,39
54,400,132,380,car,99,67
53,401,415,262,car,60,38
54,401,106,390,car,102,69
53,402,400,268,car,60,38
54,402,82,402,car,107,73
53,403,387,272,car,61,38
54,403,66,408,car,112,76
55,413,195,355,car,77,51
56,413,521,199,car,52,38
55,414,172,363,car,78,51
56,414,509,204,car,53,39
55,415,147,374,car,84,55
56,415,497,207,car,55,40
55,416,123,386,car,90,58
56,416,484,211,car,56,41
55,417,98,396,car,90,57
56,417,473,214,car,56,42
55,418,69,409,car,92,58
56,418,462,218,car,57,42
58,418,515,224,car,67,48
55,419,50,417,car,97,61
56,419,449,223,car,58,43
58,419,502,228,car,67,48
56,420,437,227,car,58,43
58,420,485,235,car,63,45
56,421,424,231,car,59,44
58,421,471,239,car,69,49
56,422,411,236,car,59,44
58,422,456,243,car,76,54
56,423,398,241,car,63,47
58,423,440,251,car,72,51
56,424,385,243,car,56,41
58,424,424,254,car,72,50
56,425,373,247,car,56,41
58,425,408,259,car,71,48
58,426,391,267,car,73,49
58,427,381,273,car,75,51
58,428,367,278,car,75,51
59,433,517,197,car,57,40
59,434,507,200,car,58,41
59,435,495,204,car,58,41
59,436,485,208,car,59,42
59,437,473,211,car,60,42
60,437,182,355,car,85,69
61,437,272,535,car,126,85
59,438,461,216,car,63,45
60,438,158,363,car,88,70
61,438,297,516,car,117,80
59,439,451,218,car,68,47
60,439,140,368,car,91,73
61,439,319,499,car,110,76
59,440,437,222,car,71,48
61,440,345,484,car,116,81
59,441,428,227,car,71,48
61,441,367,466,car,104,73
59,442,416,231,car,72,49
61,442,390,450,car,102,70
59,443,402,235,car,71,48
61,443,411,436,car,100,67
59,444,387,239,car,73,49
61,444,428,426,car,102,68
59,445,371,244,car,76,50
61,445,454,412,car,95,64
59,446,356,251,car,78,51
61,446,474,400,car,90,62
59,447,342,256,car,80,52
61,447,491,389,car,86,59
59,448,326,262,car,80,52
61,448,506,379,car,83,57
59,449,312,268,car,82,53
61,449,520,370,car,80,55
59,450,297,273,car,79,51
61,450,535,360,car,80,55
59,451,282,279,car,75,49
61,451,550,351,car,81,55
59,452,267,285,car,78,51
61,452,564,342,car,78,54
59,453,251,291,car,82,55
61,453,579,332,car,73,50
59,454,232,298,car,85,57
61,454,593,325,car,72,49
59,455,218,306,car,88,60
61,455,610,315,car,69,47
59,456,202,313,car,86,59
66,456,475,342,car,75,52
59,457,186,321,car,87,60
66,457,492,333,car,70,49
59,458,171,327,car,86,59
66,458,508,325,car,66,46
59,459,157,333,car,87,60
66,459,525,316,car,65,45
66,460,539,309,car,63,44
66,461,554,300,car,64,44
66,462,570,292,car,65,46
66,463,584,283,car,63,44
66,464,598,274,car,60,42
66,465,613,265,car,59,41
70,480,504,326,car,69,41
70,481,521,317,car,68,41
70,482,537,308,car,66,40
71,482,510,196,car,57,43
70,483,551,299,car,64,39
71,483,498,200,car,57,42
70,484,564,291,car,61,37
71,484,487,204,car,59,44
70,485,578,284,car,64,39
71,485,475,209,car,59,44
70,486,592,276,car,65,40
71,486,463,214,car,61,45
70,487,607,268,car,64,39
71,487,451,216,car,61,45
71,488,438,221,car,63,46
71,489,424,226,car,64,46
71,490,411,230,car,68,48
72,490,508,212,car,76,70
71,491,397,235,car,70,50
72,491,496,218,car,76,70
71,492,381,241,car,72,51
72,492,482,222,car,78,72
71,493,368,246,car,76,54
72,493,468,227,car,80,74
71,494,353,251,car,77,54
72,494,455,234,car,82,75
71,495,340,256,car,77,55
72,495,443,239,car,84,78
71,496,323,264,car,80,57
72,496,427,242,car,84,77
71,497,308,269,car,80,56
72,497,413,249,car,87,79
73,497,515,200,car,55,33
71,498,292,273,car,75,52
72,498,400,255,car,90,82
73,498,504,203,car,56,33
71,499,282,278,car,77,51
72,499,386,260,car,91,82
73,499,492,208,car,58,34
71,500,261,283,car,78,51
72,500,370,266,car,91,82
73,500,481,213,car,59,35
71,501,242,285,car,71,45
72,501,354,272,car,93,84
73,501,468,216,car,59,35
71,502,227,290,car,70,45
72,502,340,279,car,96,87
73,502,457,221,car,62,37
72,503,324,286,car,96,88
73,503,446,226,car,63,37
72,504,308,295,car,100,92
73,504,432,230,car,62,37
75,504,355,402,car,70,63
72,505,292,299,car,96,88
73,505,419,234,car,68,41
75,505,380,390,car,67,59
72,506,273,312,car,106,97
73,506,406,239,car,67,40
75,506,405,378,car,67,57
76,506,167,326,car,111,63
72,507,254,318,car,109,101
73,507,391,243,car,68,41
75,507,428,364,car,66,55
76,507,160,329,car,118,67
72,508,236,324,car,110,101
73,508,379,248,car,69,41
75,508,449,352,car,65,53
77,508,515,199,car,52,33
72,509,217,333,car,113,103
73,509,365,253,car,69,41
75,509,471,339,car,63,51
77,509,503,203,car,53,33
78,509,277,536,car,116,78
72,510,195,341,car,114,105
73,510,351,258,car,68,41
75,510,489,331,car,62,49
77,510,494,208,car,56,35
78,510,304,519,car,111,75
72,511,176,348,car,113,103
73,511,337,264,car,66,39
75,511,509,322,car,66,52
77,511,481,211,car,57,36
78,511,330,502,car,106,72
72,512,160,355,car,115,104
73,512,323,270,car,70,42
75,512,526,312,car,65,51
77,512,470,215,car,58,37
78,512,353,486,car,106,73
73,513,309,276,car,69,41
75,513,543,303,car,63,48
77,513,459,219,car,57,36
78,513,375,471,car,107,75
73,514,295,280,car,68,41
75,514,560,294,car,63,48
77,514,447,224,car,60,38
78,514,399,455,car,93,64
73,515,280,285,car,68,41
75,515,577,284,car,61,47
77,515,434,228,car,60,37
78,515,420,442,car,92,64
79,515,514,227,car,59,42
73,516,264,293,car,72,43
75,516,591,277,car,60,45
77,516,421,232,car,61,38
78,516,439,429,car,86,59
79,516,500,230,car,56,41
73,517,249,298,car,69,41
75,517,610,266,car,59,44
77,517,408,236,car,64,40
78,517,460,417,car,82,56
79,517,488,235,car,56,41
73,518,227,305,car,74,43
77,518,395,242,car,65,40
78,518,478,403,car,83,57
79,518,475,242,car,57,41
73,519,212,312,car,77,45
77,519,381,248,car,67,41
78,519,497,393,car,77,53
79,519,462,246,car,58,42
73,520,198,320,car,80,46
77,520,368,254,car,67,42
78,520,513,382,car,78,53
79,520,448,252,car,59,43
73,521,181,327,car,80,46
77,521,354,259,car,65,40
78,521,528,372,car,73,50
79,521,434,257,car,61,44
73,522,168,335,car,85,50
77,522,338,265,car,64,40
78,522,544,364,car,70,48
79,522,417,263,car,62,45
80,522,507,205,car,54,33
73,523,153,342,car,87,51
77,523,323,270,car,66,41
78,523,558,354,car,69,47
79,523,402,269,car,63,45
80,523,495,210,car,55,33
77,524,309,276,car,69,43
78,524,573,343,car,70,48
79,524,386,276,car,65,46
80,524,483,215,car,58,36
77,525,296,281,car,68,42
78,525,587,334,car,66,45
79,525,370,282,car,65,47
80,525,471,219,car,58,36
77,526,283,286,car,69,43
78,526,605,323,car,63,43
79,526,355,289,car,66,47
80,526,459,223,car,59,36
77,527,267,293,car,71,43
79,527,338,296,car,66,47
80,527,447,229,car,60,37
77,528,252,298,car,72,44
79,528,322,304,car,66,47
80,528,433,234,car,62,38
77,529,231,306,car,74,45
79,529,306,312,car,67,48
80,529,420,239,car,64,40
77,530,215,313,car,77,47
79,530,288,320,car,72,52
80,530,406,245,car,64,40
77,531,199,318,car,79,48
79,531,270,325,car,75,54
80,531,391,251,car,66,41
77,532,181,326,car,82,51
79,532,250,333,car,78,57
80,532,375,256,car,67,42
77,533,165,334,car,79,48
79,533,231,342,car,78,56
80,533,360,262,car,67,42
77,534,150,340,car,80,49
79,534,209,352,car,78,56
80,534,346,269,car,70,45
79,535,188,361,car,79,56
80,535,330,273,car,68,44
79,536,167,369,car,80,57
80,536,314,281,car,67,42
79,537,144,380,car,77,53
80,537,298,286,car,68,43
76,538,113,393,car,103,59
79,538,127,388,car,77,53
80,538,282,294,car,67,42
76,539,93,404,car,112,68
80,539,265,300,car,70,44
76,540,71,413,car,106,64
80,540,244,306,car,72,44
76,541,62,419,car,104,63
80,541,224,312,car,75,46
80,542,205,320,car,77,47
80,543,189,327,car,83,51
80,544,173,334,car,84,52
82,571,267,550,car,115,67
82,572,290,536,car,112,65
82,573,315,520,car,112,66
82,574,339,503,car,109,64
82,575,359,489,car,107,63
82,576,379,474,car,107,64
82,577,398,461,car,105,64
82,578,416,450,car,97,59
82,579,432,437,car,92,56
82,580,450,427,car,90,55
82,581,468,417,car,88,54
82,582,484,404,car,87,54
82,583,501,395,car,84,52
82,584,515,386,car,78,48
82,585,529,376,car,75,47
82,586,543,367,car,73,45
82,587,556,359,car,70,44
82,588,569,352,car,69,43
82,589,581,342,car,70,44
82,590,594,336,car,69,43
82,591,609,326,car,67,42
83,626,500,201,car,63,45
83,627,486,207,car,69,49
83,628,473,211,car,69,50
83,629,459,216,car,68,49
83,630,445,221,car,69,49
83,631,432,226,car,75,53
83,632,417,232,car,77,55
83,633,402,237,car,81,58
83,634,387,242,car,82,59
83,635,371,249,car,86,62
83,636,354,253,car,86,61
83,637,339,260,car,90,65
83,638,321,267,car,91,66
83,639,303,276,car,87,64
83,640,286,283,car,88,64
83,641,268,291,car,89,65
83,642,250,296,car,92,68
83,643,229,306,car,89,64
83,644,211,310,car,93,67
83,645,191,319,car,95,69
83,646,171,325,car,95,69
83,647,151,334,car,101,74
83,648,125,345,car,107,77
83,649,102,352,car,114,82
87,649,567,284,car,60,44
83,650,84,359,car,117,84
87,650,583,277,car,59,44
87,651,598,269,car,59,44
88,653,399,455,car,108,65
88,654,425,439,car,105,64
88,655,451,423,car,97,59
88,656,470,407,car,95,59
88,657,492,395,car,84,52
88,658,511,382,car,78,49
88,659,528,370,car,76,48
88,660,545,359,car,77,49
88,661,562,348,car,73,47
88,662,579,338,car,70,46
88,663,594,327,car,70,46
88,664,613,315,car,69,45
89,666,318,422,car,176,74
89,667,342,411,car,180,76
90,673,483,325,car,78,55
90,674,504,315,car,76,53
90,675,523,304,car,75,52
90,676,543,296,car,72,50
90,677,560,285,car,74,51
90,678,579,276,car,70,48
90,679,594,267,car,69,48
90,680,613,257,car,68,47
91,802,456,393,car,248,179
91,803,477,372,car,221,159
91,804,496,364,car,220,159
91,805,514,353,car,214,156
91,806,531,346,car,212,156
91,807,548,334,car,202,149
91,808,567,324,car,193,144
91,809,585,310,car,174,130
91,810,603,298,car,166,124
92,853,438,382,car,290,209
92,854,459,370,car,274,199
92,855,483,358,car,260,189
92,856,504,349,car,248,181
92,857,518,340,car,247,181
92,858,535,333,car,239,177
92,859,552,321,car,232,174
92,860,569,310,car,225,169
98,939,408,432,car,242,191
98,940,427,421,car,230,182
98,941,444,412,car,230,183
98,942,464,402,car,221,176
98,943,476,392,car,212,169
98,944,489,383,car,201,159
98,945,501,374,car,209,167
98,946,493,360,car,200,155
98,947,503,351,car,195,148
98,948,524,346,car,191,144
98,949,536,337,car,185,139
98,950,544,337,car,194,143
98,951,553,327,car,189,137
98,952,561,319,car,184,131
98,953,571,311,car,178,127
106,993,364,485,car,115,72
106,994,390,466,car,114,71
107,994,233,485,car,122,71
106,995,416,448,car,115,73
107,995,260,471,car,117,68
106,996,441,430,car,112,71
107,996,286,456,car,117,69
106,997,462,417,car,104,66
107,997,307,438,car,105,62
106,998,483,401,car,96,61
107,998,331,421,car,90,53
106,999,504,389,car,99,64
107,999,355,409,car,86,51
106,1000,522,376,car,98,63
107,1000,377,398,car,82,48
106,1001,539,362,car,91,59
107,1001,398,388,car,92,54
106,1002,556,350,car,93,61
107,1002,418,375,car,83,48
106,1003,572,337,car,87,57
107,1003,436,365,car,79,46
106,1004,587,326,car,80,53
107,1004,454,353,car,75,44
106,1005,607,312,car,77,51
107,1005,471,341,car,70,40
107,1006,489,335,car,70,41
107,1007,510,323,car,67,39
115,1024,481,338,car,78,56
115,1025,497,322,car,62,44
115,1026,512,313,car,59,42
115,1027,526,306,car,59,42
115,1028,540,296,car,53,37
115,1029,555,293,car,65,46
115,1030,568,292,car,87,63
115,1031,582,282,car,70,50
115,1032,594,271,car,58,41
115,1033,607,263,car,57,41
124,1126,320,495,car,114,78
124,1127,346,477,car,110,75
124,1128,369,465,car,111,77
124,1129,393,449,car,111,76
124,1130,413,436,car,103,72
124,1131,433,421,car,95,66
124,1132,454,407,car,87,60
124,1133,474,396,car,85,59
124,1134,490,383,car,86,60
124,1135,509,373,car,83,58
124,1136,524,363,car,77,54
124,1137,538,351,car,79,55
124,1138,554,340,car,72,50
124,1139,569,334,car,74,52
124,1140,584,325,car,75,53
124,1141,599,315,car,72,51
124,1142,617,304,car,71,50
131,1189,236,473,car,109,63
131,1190,260,459,car,103,60
131,1191,282,447,car,100,58
131,1192,305,434,car,95,56
131,1193,326,421,car,90,53
131,1194,346,409,car,91,54
131,1195,365,398,car,89,53
131,1196,383,388,car,82,49
131,1197,402,377,car,82,49
131,1198,419,368,car,83,50
131,1199,437,359,car,78,47
131,1200,457,351,car,73,44
134,1200,375,278,car,51,36
131,1201,471,345,car,80,49
134,1201,357,289,car,65,46
131,1202,486,335,car,73,45
134,1202,341,295,car,62,45
131,1203,500,324,car,69,43
134,1203,323,300,car,59,43
131,1204,515,317,car,70,44
134,1204,306,308,car,60,42
131,1205,529,309,car,70,44
134,1205,287,315,car,64,45
131,1206,545,300,car,68,43
134,1206,267,322,car,64,45
134,1207,248,332,car,64,45
131,1208,574,287,car,70,45
134,1208,226,340,car,66,46
131,1209,584,281,car,70,46
134,1209,206,350,car,69,48
131,1210,600,273,car,70,46
134,1210,189,358,car,71,49
138,1228,258,538,car,152,97
138,1229,284,521,car,138,88
138,1230,306,507,car,136,87
138,1231,326,492,car,130,84
138,1232,346,478,car,129,83
138,1233,364,469,car,128,83
138,1234,381,457,car,120,79
138,1235,397,450,car,121,80
138,1236,413,445,car,133,90
138,1237,432,434,car,133,90
138,1239,462,409,car,111,75
138,1240,475,400,car,109,75
138,1241,494,383,car,107,74
138,1242,511,371,car,105,73
141,1250,596,318,car,81,54
141,1251,606,312,car,80,53
144,1257,526,225,car,43,28
144,1258,514,230,car,46,29
144,1259,501,233,car,48,30
144,1260,486,240,car,46,28
144,1261,475,245,car,46,28
152,1269,459,216,car,72,45
152,1270,442,223,car,74,46
152,1271,426,227,car,73,45
153,1271,574,336,car,72,56
152,1272,411,231,car,77,48
153,1272,589,328,car,72,56
152,1273,399,235,car,79,49
153,1273,601,319,car,70,54
152,1275,367,243,car,92,57
152,1276,352,250,car,87,54
152,1277,338,254,car,89,55
152,1281,268,280,car,82,50
152,1282,251,290,car,92,57
152,1283,234,297,car,96,60
152,1284,214,301,car,91,56
159,1284,406,266,car,52,36
152,1285,191,310,car,98,60
159,1285,390,273,car,52,36
152,1286,167,317,car,98,62
159,1286,375,281,car,58,40
152,1287,142,334,car,75,48
159,1287,360,291,car,57,39
152,1288,124,341,car,75,48
159,1288,342,298,car,63,44
159,1289,329,304,car,64,45
180,1414,502,182,car,165,120
180,1415,493,186,car,168,122
180,1416,483,188,car,170,122
180,1417,472,194,car,174,125
180,1418,458,198,car,177,127
180,1419,446,201,car,177,126
180,1420,432,206,car,183,130
180,1421,420,210,car,191,136
180,1422,408,216,car,194,138
180,1423,396,221,car,202,143
180,1424,384,225,car,206,146
180,1425,370,229,car,207,147
180,1426,355,235,car,209,148
180,1427,341,239,car,209,147
180,1428,326,244,car,217,153
180,1429,311,250,car,225,159
180,1430,298,254,car,230,162
180,1431,285,259,car,234,165
180,1432,268,264,car,242,169
180,1433,253,271,car,248,173
182,1433,410,439,car,119,71
180,1434,232,279,car,257,179
182,1434,433,426,car,113,68
180,1435,214,285,car,256,178
182,1435,456,411,car,113,68
180,1436,199,292,car,263,183
182,1436,477,398,car,108,66
180,1437,179,297,car,269,187
182,1437,499,384,car,104,64
180,1438,159,306,car,278,193
182,1438,514,371,car,95,58
180,1439,141,305,car,263,181
182,1439,531,357,car,97,60
180,1440,132,316,car,276,191
182,1440,550,347,car,95,60
180,1441,117,322,car,280,193
182,1441,568,338,car,91,58
182,1442,587,326,car,89,56
186,1445,488,208,car,47,38
186,1446,476,211,car,48,39
186,1447,464,214,car,49,39
186,1448,454,217,car,49,39
186,1449,441,222,car,50,40
186,1450,431,228,car,52,41
186,1451,419,232,car,53,41
186,1452,407,237,car,54,42
186,1453,395,242,car,54,42
186,1454,380,246,car,55,43
186,1455,367,251,car,57,45
186,1456,355,255,car,57,44
186,1457,340,262,car,61,47
186,1458,328,267,car,59,46
186,1459,313,272,car,63,49
186,1460,299,278,car,64,50
186,1461,284,282,car,60,46
186,1462,270,291,car,67,51
186,1463,252,297,car,79,61
186,1464,236,301,car,71,55
186,1465,219,309,car,71,54
186,1466,203,314,car,68,51
186,1467,186,323,car,74,56
186,1468,169,328,car,74,55
186,1469,151,335,car,76,56
186,1470,132,341,car,75,55
186,1471,107,349,car,79,57
186,1472,89,357,car,85,62
186,1473,72,362,car,86,63
180,1498,104,617,car,130,83
180,1499,139,597,car,125,78
180,1500,171,577,car,122,75
180,1501,204,552,car,115,69
180,1502,233,535,car,111,67
180,1503,263,518,car,113,70
180,1504,291,496,car,107,65
180,1505,316,481,car,101,61
180,1506,342,467,car,99,59
180,1507,365,454,car,93,56
180,1508,387,440,car,96,58
180,1509,407,428,car,95,58
180,1510,426,416,car,83,50
180,1511,450,402,car,79,48
191,1521,311,306,car,94,81
191,1522,297,314,car,101,87
191,1523,280,319,car,97,83
191,1524,267,325,car,101,87
191,1526,225,340,car,96,81
191,1527,203,349,car,110,94
191,1528,187,356,car,115,98
191,1529,172,364,car,110,94
191,1530,156,371,car,113,97
191,1531,128,378,car,110,93
191,1532,105,383,car,102,83
191,1533,89,390,car,103,84
196,1555,368,281,car,57,48
196,1556,354,288,car,64,53
196,1557,338,294,car,61,50
196,1558,322,300,car,61,50
196,1559,307,306,car,67,54
196,1560,290,312,car,70,56
196,1561,270,317,car,74,59
196,1562,252,324,car,76,60
196,1563,235,333,car,75,59
196,1564,217,341,car,80,63
196,1565,201,350,car,83,65
196,1566,181,357,car,86,67
196,1567,159,367,car,104,82
196,1568,138,377,car,102,80
196,1569,116,384,car,100,78
196,1570,94,395,car,99,76
196,1571,70,406,car,98,75
196,1572,51,413,car,100,76
200,1579,447,227,car,61,50
200,1580,436,230,car,61,51
200,1581,422,236,car,62,51
200,1582,408,241,car,64,52
200,1583,392,246,car,63,52
200,1584,375,253,car,61,51
200,1585,361,259,car,61,50
200,1586,343,268,car,65,53
200,1587,329,271,car,70,57
200,1588,314,279,car,72,58
200,1589,297,282,car,73,58
200,1590,278,287,car,74,59
200,1591,262,294,car,72,56
200,1592,243,301,car,75,59
200,1593,224,309,car,78,60
200,1594,204,317,car,83,65
200,1595,184,325,car,85,66
200,1596,164,336,car,81,62
202,1596,476,229,car,50,38
200,1597,142,349,car,81,61
202,1597,464,235,car,51,39
203,1597,507,198,car,111,70
200,1598,119,355,car,91,69
202,1598,456,241,car,54,40
203,1598,498,201,car,113,71
200,1599,96,362,car,92,70
202,1599,448,245,car,53,39
203,1599,488,204,car,115,72
200,1600,78,369,car,94,71
202,1601,424,255,car,60,44
203,1601,459,208,car,95,60
202,1602,406,264,car,63,46
203,1602,452,214,car,105,66
202,1603,396,267,car,62,44
203,1603,430,217,car,96,61
202,1604,380,273,car,62,43
203,1604,412,225,car,99,64
202,1605,369,277,car,62,43
203,1605,399,229,car,99,64
203,1607,373,240,car,102,67
203,1608,369,243,car,111,73
203,1609,362,250,car,116,75
203,1610,353,256,car,129,83
203,1611,342,261,car,131,84
205,1611,275,317,car,72,52
203,1612,329,269,car,144,93
205,1612,264,325,car,80,57
203,1613,316,276,car,144,93
205,1613,245,332,car,86,61
203,1614,300,282,car,144,91
205,1614,230,338,car,86,59
203,1615,280,292,car,177,115
205,1615,213,346,car,90,61
203,1616,265,296,car,165,106
205,1616,195,354,car,96,65
203,1617,250,305,car,172,111
205,1617,178,363,car,103,69
203,1618,234,309,car,163,103
205,1618,156,370,car,101,67
203,1619,217,316,car,178,113
205,1619,134,380,car,106,71
207,1619,266,547,car,99,67
203,1620,193,334,car,216,140
205,1620,115,391,car,114,76
207,1620,289,532,car,103,70
203,1621,176,337,car,206,134
205,1621,93,400,car,116,76
207,1621,311,518,car,100,68
203,1622,158,340,car,195,126
205,1622,74,408,car,114,73
207,1622,332,504,car,97,66
203,1623,136,348,car,184,118
205,1623,57,415,car,116,75
207,1623,352,491,car,96,65
203,1624,112,370,car,220,142
207,1624,369,476,car,91,61
203,1625,97,378,car,226,147
207,1625,384,464,car,84,57
207,1626,404,456,car,96,66
207,1627,423,439,car,76,51
207,1628,440,430,car,78,52
207,1629,456,420,car,78,52
207,1630,471,409,car,81,55
210,1630,497,222,car,66,44
207,1631,485,398,car,83,56
210,1631,485,229,car,75,51
207,1632,500,389,car,75,51
210,1632,471,235,car,79,54
207,1633,514,381,car,72,48
210,1633,460,241,car,80,55
211,1633,506,196,car,104,72
207,1634,527,371,car,65,43
210,1634,447,245,car,77,52
211,1634,494,201,car,105,72
207,1635,539,364,car,63,41
210,1635,433,251,car,76,52
211,1635,482,206,car,104,72
207,1636,552,355,car,70,47
210,1636,420,256,car,78,53
211,1636,468,211,car,108,74
207,1637,564,346,car,67,44
210,1637,406,262,car,79,54
211,1637,455,215,car,112,77
207,1638,576,339,car,64,42
210,1638,392,267,car,78,53
211,1638,440,218,car,115,78
207,1639,588,331,car,60,39
210,1639,375,273,car,77,52
211,1639,429,224,car,118,81
207,1640,602,322,car,58,38
210,1640,366,279,car,77,52
211,1640,417,229,car,122,83
214,1640,265,493,car,204,182
210,1641,351,285,car,84,57
211,1641,403,236,car,127,87
214,1641,288,479,car,196,174
210,1642,337,292,car,89,60
211,1642,389,241,car,127,87
214,1642,310,466,car,193,171
210,1643,320,298,car,89,59
211,1643,376,246,car,125,85
214,1643,332,452,car,187,166
210,1644,305,305,car,92,62
211,1644,361,251,car,133,90
214,1644,351,437,car,185,164
210,1645,289,311,car,92,61
211,1645,346,257,car,131,89
214,1645,372,426,car,175,155
210,1646,271,318,car,93,62
211,1646,329,264,car,138,94
214,1646,390,415,car,174,154
210,1647,252,326,car,96,63
211,1647,313,270,car,137,93
214,1647,407,404,car,170,150
210,1648,238,331,car,98,64
211,1648,284,292,car,179,124
214,1648,425,392,car,169,150
210,1649,219,341,car,102,66
211,1649,275,288,car,160,110
214,1649,440,385,car,164,145
210,1650,194,350,car,104,69
211,1650,262,291,car,150,103
214,1650,460,373,car,159,140
210,1651,177,358,car,107,70
211,1651,248,297,car,150,102
210,1652,160,368,car,109,72
211,1652,229,305,car,148,100
214,1652,490,358,car,154,135
210,1653,141,376,car,114,75
211,1653,211,311,car,155,104
214,1653,503,346,car,154,134
210,1654,122,384,car,111,72
211,1654,191,319,car,159,106
214,1654,516,335,car,152,130
210,1655,106,391,car,113,73
211,1655,175,327,car,176,118
214,1655,530,327,car,149,127
210,1656,73,402,car,115,74
211,1656,154,335,car,187,126
214,1656,540,320,car,143,122
210,1657,56,410,car,117,76
211,1657,133,340,car,176,116
214,1657,556,309,car,138,118
211,1658,116,347,car,179,118
214,1659,574,298,car,133,114
218,1659,270,535,car,118,95
214,1660,588,293,car,132,115
218,1660,295,521,car,118,95
214,1661,602,284,car,129,113
218,1661,317,505,car,115,92
218,1662,340,490,car,109,86
218,1663,364,474,car,124,99
218,1664,383,458,car,108,85
218,1665,400,447,car,104,81
218,1666,417,437,car,103,80
218,1667,432,427,car,100,77
218,1668,448,415,car,99,76
218,1669,465,405,car,97,74
218,1670,480,395,car,96,74
218,1671,496,383,car,91,69
218,1672,510,373,car,91,69
218,1673,524,364,car,85,65
218,1674,539,355,car,84,64
218,1675,549,345,car,79,59
218,1676,563,337,car,74,55
218,1677,576,331,car,77,57
222,1677,246,465,car,134,82
218,1678,589,324,car,79,58
222,1678,272,447,car,122,75
218,1679,601,317,car,80,58
222,1679,298,431,car,114,71
223,1679,377,252,car,65,40
218,1680,615,308,car,78,57
222,1680,324,418,car,115,72
223,1680,361,257,car,64,40
222,1681,346,405,car,110,70
223,1681,346,263,car,64,40
222,1682,367,397,car,111,72
223,1682,328,270,car,64,40
224,1682,398,269,car,68,44
222,1683,389,382,car,108,71
223,1683,312,277,car,65,40
224,1683,385,276,car,72,46
222,1684,409,371,car,97,64
223,1684,293,284,car,67,41
224,1684,371,282,car,73,47
222,1685,427,360,car,95,63
223,1685,273,294,car,74,47
224,1685,361,294,car,88,57
222,1686,446,351,car,91,62
223,1686,254,300,car,75,47
224,1686,343,298,car,84,55
222,1687,464,346,car,103,71
223,1687,234,307,car,77,48
224,1687,325,302,car,80,52
225,1687,246,550,car,132,90
222,1688,482,339,car,108,77
223,1688,214,313,car,73,46
224,1688,310,308,car,80,51
225,1688,265,542,car,118,80
222,1689,499,321,car,82,58
223,1689,192,322,car,75,47
224,1689,293,315,car,83,52
225,1689,286,524,car,120,81
222,1690,514,311,car,77,53
223,1690,170,329,car,77,48
224,1690,275,322,car,78,48
225,1690,307,510,car,117,79
222,1691,531,305,car,81,57
223,1691,146,342,car,73,45
224,1691,257,342,car,101,64
225,1691,324,499,car,123,82
222,1692,548,294,car,74,52
223,1692,124,359,car,77,48
224,1692,239,348,car,121,78
225,1692,342,487,car,120,80
222,1693,563,293,car,89,65
223,1693,97,367,car,104,67
224,1693,221,352,car,118,78
225,1693,358,482,car,110,73
222,1694,581,283,car,90,66
223,1694,77,376,car,108,69
224,1694,202,358,car,105,69
225,1694,374,474,car,131,88
224,1695,181,366,car,104,68
225,1695,390,461,car,117,78
224,1696,160,375,car,108,70
225,1696,405,451,car,108,72
224,1697,136,384,car,107,69
225,1697,422,438,car,103,67
229,1697,240,470,car,120,77
224,1698,112,391,car,109,71
225,1698,434,428,car,100,65
229,1698,264,453,car,113,74
224,1699,90,403,car,111,72
225,1699,448,420,car,101,66
229,1699,291,437,car,109,71
224,1700,66,415,car,120,77
225,1700,462,410,car,105,70
229,1700,316,425,car,104,69
224,1701,47,423,car,123,79
225,1701,476,403,car,101,67
229,1701,339,411,car,101,67
225,1702,489,396,car,100,67
229,1702,363,403,car,107,72
225,1703,504,387,car,98,66
229,1703,383,393,car,97,66
229,1704,402,378,car,93,64
229,1705,422,367,car,87,60
225,1706,545,365,car,88,60
229,1706,446,359,car,90,62
225,1707,560,355,car,86,58
229,1707,469,347,car,88,61
229,1709,497,328,car,83,58
225,1710,586,334,car,72,48
229,1710,512,317,car,78,54
225,1711,596,328,car,79,53
229,1711,528,310,car,77,54
225,1712,608,320,car,78,52
229,1712,544,301,car,68,48
229,1713,563,291,car,65,46
229,1714,572,285,car,64,45
229,1715,590,276,car,62,43
229,1716,600,271,car,62,43
229,1717,617,262,car,59,42
233,1728,214,493,car,103,64
233,1729,236,480,car,96,59
233,1730,258,466,car,94,58
233,1731,281,457,car,98,61
233,1732,303,444,car,103,64
233,1733,324,430,car,90,56
233,1734,344,419,car,85,52
233,1735,362,410,car,85,53
233,1736,379,398,car,80,50
233,1737,397,395,car,102,66
233,1738,418,384,car,104,67
234,1739,225,479,car,106,62
234,1740,246,465,car,103,60
235,1740,250,564,car,120,72
234,1741,270,456,car,109,65
235,1741,275,546,car,113,68
234,1742,290,441,car,102,61
235,1742,297,531,car,108,66
234,1743,312,431,car,97,58
235,1743,320,514,car,108,66
234,1744,330,419,car,92,55
235,1744,340,502,car,106,65
236,1744,502,335,car,64,44
234,1745,349,411,car,102,62
235,1745,360,486,car,112,70
236,1745,514,325,car,67,46
234,1746,366,401,car,96,59
235,1746,379,472,car,98,61
236,1746,529,316,car,62,43
234,1747,382,393,car,96,60
235,1747,396,460,car,93,57
236,1747,542,310,car,64,45
234,1748,401,388,car,100,63
235,1748,412,453,car,98,62
236,1748,554,305,car,64,44
234,1749,417,380,car,102,66
235,1749,431,442,car,94,59
236,1749,566,299,car,62,44
234,1750,433,370,car,103,68
235,1750,448,431,car,90,58
236,1750,579,292,car,58,41
234,1751,448,361,car,97,64
235,1751,464,420,car,90,58
236,1751,589,293,car,94,68
234,1752,463,352,car,87,58
235,1752,477,409,car,88,57
236,1752,601,288,car,98,71
234,1753,476,341,car,82,56
235,1753,494,399,car,84,55
234,1754,490,333,car,76,51
235,1754,508,389,car,78,52
234,1755,502,326,car,70,47
235,1755,520,380,car,79,52
234,1756,513,320,car,67,46
235,1756,533,373,car,73,48
238,1756,236,462,car,118,79
239,1756,308,515,car,88,75
234,1757,526,312,car,67,46
235,1757,545,365,car,72,48
238,1757,259,452,car,124,83
239,1757,329,499,car,87,73
234,1758,539,307,car,68,46
235,1758,557,355,car,71,46
238,1758,280,440,car,117,78
239,1758,349,483,car,90,75
234,1759,552,304,car,76,52
235,1759,572,346,car,68,45
238,1759,300,430,car,117,78
239,1759,369,471,car,89,74
234,1760,564,295,car,65,44
235,1760,583,340,car,69,45
238,1760,316,422,car,124,83
239,1760,390,456,car,86,71
234,1761,576,291,car,79,54
235,1761,596,333,car,71,46
238,1761,337,408,car,110,74
239,1761,408,447,car,83,68
234,1762,588,285,car,77,54
235,1762,610,325,car,69,45
238,1762,354,397,car,105,70
239,1762,425,436,car,84,68
234,1763,598,275,car,68,47
238,1763,370,388,car,103,69
239,1763,441,425,car,83,67
234,1764,612,267,car,67,47
238,1764,386,379,car,102,69
239,1764,453,418,car,72,58
238,1765,401,373,car,100,67
239,1765,471,405,car,68,54
238,1766,416,364,car,99,68
239,1766,483,399,car,76,61
238,1767,432,355,car,93,64
239,1767,500,388,car,69,54
238,1768,447,346,car,90,61
239,1768,515,375,car,68,52
238,1769,461,340,car,92,63
239,1769,530,367,car,71,53
238,1770,476,333,car,96,66
239,1770,544,360,car,69,51
238,1771,489,326,car,93,65
239,1771,556,352,car,71,52
238,1772,502,319,car,91,64
239,1772,571,342,car,69,51
248,1772,270,551,car,109,73
249,1772,505,183,car,162,121
238,1773,514,311,car,84,59
239,1773,581,336,car,67,49
248,1773,292,535,car,103,69
249,1773,495,187,car,162,120
238,1774,526,306,car,83,58
239,1774,593,330,car,70,51
248,1774,316,521,car,102,68
249,1774,484,192,car,176,131
238,1775,538,301,car,82,57
239,1775,607,321,car,68,50
248,1775,338,507,car,103,69
249,1775,470,200,car,195,146
238,1776,549,296,car,90,64
248,1776,360,493,car,104,71
249,1776,459,201,car,182,136
238,1777,561,289,car,85,61
248,1777,381,478,car,97,66
249,1777,447,201,car,181,134
238,1778,574,281,car,83,60
248,1778,399,465,car,94,64
249,1778,434,209,car,184,136
238,1779,587,274,car,83,59
248,1779,417,455,car,98,69
249,1779,424,211,car,188,138
238,1780,597,270,car,87,63
248,1780,435,442,car,93,66
249,1780,411,215,car,193,141
238,1781,611,263,car,87,63
248,1781,452,432,car,93,67
249,1781,396,218,car,191,139
248,1782,467,423,car,94,68
249,1782,381,224,car,193,140
248,1783,483,410,car,79,57
249,1783,367,231,car,198,143
248,1784,497,399,car,78,57
249,1784,352,237,car,202,145
248,1785,509,390,car,71,51
249,1785,338,241,car,208,149
248,1786,523,380,car,70,51
249,1786,323,246,car,211,151
248,1787,539,369,car,69,50
249,1787,308,249,car,218,157
251,1787,237,475,car,108,67
248,1788,553,361,car,68,49
249,1788,296,254,car,217,156
251,1788,262,459,car,101,63
248,1789,567,353,car,69,50
249,1789,279,260,car,222,158
251,1789,285,446,car,100,62
248,1790,578,344,car,68,49
249,1790,261,268,car,233,166
251,1790,307,433,car,101,63
248,1791,589,338,car,71,51
249,1791,242,276,car,244,174
251,1791,330,423,car,92,57
248,1792,601,330,car,69,50
249,1792,222,283,car,250,177
251,1792,351,416,car,98,61
248,1793,615,321,car,68,50
249,1793,205,290,car,256,182
251,1793,372,404,car,99,63
249,1794,187,294,car,260,183
251,1794,388,393,car,96,62
249,1795,168,300,car,261,183
251,1795,407,382,car,95,61
249,1796,152,307,car,269,190
251,1796,425,368,car,89,58
249,1797,135,315,car,271,192
251,1797,444,356,car,83,54
249,1798,124,323,car,274,196
251,1798,461,349,car,88,58
249,1799,115,337,car,287,209
251,1799,477,338,car,76,50
249,1800,100,344,car,293,213
251,1800,494,331,car,71,47
249,1801,99,341,car,252,186
251,1801,506,325,car,66,43
252,1801,225,474,car,122,89
249,1802,91,344,car,235,178
251,1802,521,318,car,69,46
252,1802,249,458,car,120,87
249,1803,78,350,car,236,178
251,1803,533,309,car,69,46
252,1803,275,443,car,114,83
251,1804,547,301,car,71,48
252,1804,298,430,car,110,79
251,1805,561,295,car,68,46
252,1805,319,416,car,109,79
251,1806,575,286,car,66,45
252,1806,341,404,car,107,77
251,1807,586,280,car,61,42
252,1807,362,392,car,104,74
251,1808,599,273,car,61,42
252,1808,383,381,car,99,70
251,1809,614,265,car,60,41
252,1809,406,368,car,94,67
252,1812,452,342,car,88,62
252,1813,468,334,car,90,64
252,1814,488,323,car,87,62
252,1818,545,295,car,82,58
252,1819,559,288,car,80,57
252,1820,572,279,car,77,55
252,1821,588,270,car,75,53
252,1822,597,267,car,77,55
252,1823,612,259,car,75,54
249,1837,172,584,car,354,269
249,1838,177,591,car,358,272
261,1874,306,515,car,118,69
261,1875,329,502,car,118,69
261,1876,348,488,car,115,68
261,1877,368,474,car,118,71
261,1878,388,459,car,112,68
261,1879,406,448,car,103,64
261,1880,425,435,car,96,60
261,1881,445,424,car,96,60
261,1882,461,412,car,92,58
261,1883,477,404,car,91,58
261,1884,494,394,car,81,52
261,1885,510,383,car,80,52
261,1886,529,372,car,77,50
261,1887,539,365,car,82,53
261,1888,553,359,car,78,50
261,1889,566,349,car,74,48
261,1890,577,338,car,73,47
261,1891,589,331,car,71,47
261,1892,604,321,car,69,46
277,1995,437,231,car,66,44
277,1996,423,236,car,68,46
277,1997,410,242,car,67,45
277,1998,395,249,car,72,50
277,1999,379,255,car,70,49
277,2000,364,260,car,67,47
277,2001,349,266,car,65,46
277,2002,335,272,car,63,45
277,2003,318,280,car,65,47
277,2004,301,284,car,67,48
277,2005,283,290,car,69,50
277,2006,265,297,car,74,53
277,2007,245,304,car,73,53
277,2008,224,314,car,78,57
278,2008,253,458,car,119,77
277,2009,205,322,car,81,60
278,2009,281,444,car,113,73
277,2010,186,330,car,81,61
278,2010,304,430,car,108,70
277,2011,166,338,car,79,60
278,2011,327,416,car,109,71
277,2012,144,345,car,79,59
278,2012,351,403,car,107,70
277,2013,120,354,car,81,60
278,2013,373,390,car,102,67
277,2014,96,363,car,81,61
278,2014,393,378,car,96,63
277,2015,77,370,car,83,62
278,2015,414,367,car,92,61
278,2016,431,355,car,90,60
278,2017,450,346,car,92,61
278,2018,470,336,car,83,55
278,2019,486,327,car,80,53
278,2020,503,320,car,83,56
278,2021,521,310,car,78,52
278,2022,536,301,car,79,53
278,2023,553,295,car,79,53
278,2024,568,288,car,80,54
278,2025,581,280,car,71,48
278,2026,594,270,car,69,47
278,2027,611,260,car,67,45
287,2074,291,528,car,120,78
287,2075,319,509,car,117,76
287,2076,345,492,car,111,73
287,2077,373,473,car,108,71
287,2078,390,460,car,104,69
287,2079,413,444,car,96,64
287,2080,438,427,car,92,61
287,2081,454,416,car,80,53
287,2082,473,405,car,94,64
287,2083,495,389,car,92,63
294,2143,523,372,car,76,59
294,2144,538,362,car,73,57
294,2146,571,342,car,71,55
294,2147,584,329,car,68,53
294,2148,599,322,car,69,54
294,2149,614,312,car,67,52
298,2156,528,362,car,73,55
298,2157,544,351,car,75,56
299,2157,228,480,car,103,64
298,2158,558,342,car,72,54
299,2158,255,464,car,102,63
298,2159,573,332,car,70,53
299,2159,281,449,car,94,58
298,2160,587,322,car,63,48
299,2160,305,436,car,89,55
298,2161,602,312,car,61,46
299,2161,329,424,car,91,57
299,2162,351,413,car,90,56
299,2163,371,400,car,84,52
299,2164,390,388,car,83,52
299,2165,411,377,car,82,52
299,2166,430,368,car,89,58
299,2167,449,355,car,77,50
299,2168,467,348,car,76,50
299,2169,483,338,car,69,46
299,2170,498,328,car,63,42
299,2171,518,317,car,60,40
301,2194,282,520,car,142,95
301,2195,308,503,car,137,92
301,2196,334,485,car,131,88
301,2197,359,472,car,133,90
301,2198,385,456,car,129,88
301,2200,422,430,car,112,76
301,2201,442,419,car,107,73
301,2202,465,404,car,102,70
312,2240,386,272,car,63,48
312,2241,364,282,car,67,51
312,2242,343,290,car,67,50
312,2243,321,299,car,72,54
312,2244,300,309,car,75,55
312,2245,277,318,car,77,56
312,2246,252,328,car,78,56
312,2247,227,339,car,86,63
312,2248,203,350,car,89,65
312,2249,175,362,car,91,66
312,2250,147,374,car,93,67
312,2251,119,386,car,99,73
312,2252,89,400,car,101,73
312,2253,66,410,car,103,75
313,2254,500,229,car,55,46
313,2255,487,234,car,55,46
313,2256,465,240,car,56,47
313,2257,447,250,car,62,52
313,2258,429,257,car,62,51
313,2259,410,264,car,64,53
313,2260,389,273,car,64,54
313,2261,370,281,car,64,53
313,2262,348,289,car,66,54
313,2263,327,297,car,69,56
313,2264,305,307,car,74,59
313,2265,281,317,car,76,61
313,2266,256,327,car,76,60
313,2267,229,339,car,81,63
313,2268,203,350,car,85,66
313,2269,174,362,car,88,68
313,2270,143,376,car,87,67
313,2271,113,389,car,90,68
313,2272,81,403,car,93,70
315,2272,219,475,car,128,81
313,2273,57,414,car,95,71
315,2273,247,458,car,120,75
315,2274,274,444,car,124,78
315,2275,299,430,car,120,75
315,2276,324,417,car,119,75
315,2277,346,406,car,117,74
315,2278,366,394,car,111,71
315,2279,386,381,car,109,70
315,2280,406,370,car,109,71
315,2281,426,356,car,96,62
315,2282,446,346,car,97,63
315,2283,464,338,car,95,62
315,2284,480,328,car,93,61
315,2285,500,316,car,91,60
317,2291,583,274,car,75,54
317,2292,597,267,car,73,51
317,2293,610,260,car,71,50
318,2303,496,203,car,61,45
318,2304,482,210,car,65,48
318,2305,468,216,car,68,51
318,2306,454,223,car,69,52
318,2307,439,226,car,67,50
318,2308,423,230,car,69,52
318,2309,405,236,car,68,51
318,2310,389,244,car,73,54
318,2311,372,252,car,74,55
318,2312,353,258,car,78,58
318,2313,334,266,car,80,60
318,2314,316,271,car,81,61
318,2315,298,279,car,88,66
318,2316,279,288,car,92,70
318,2317,262,294,car,93,72
318,2318,237,299,car,85,65
318,2319,215,312,car,94,72
318,2320,193,321,car,97,74
318,2321,167,332,car,102,78
318,2322,143,340,car,102,78
318,2323,117,350,car,103,80
318,2324,91,361,car,107,82
318,2325,71,369,car,109,84
322,2364,488,210,car,58,30
322,2365,473,216,car,60,31
324,2365,464,250,car,61,52
322,2366,460,222,car,63,33
324,2366,451,252,car,62,52
322,2367,442,227,car,59,31
324,2367,437,258,car,59,50
322,2368,428,231,car,56,30
324,2368,422,263,car,64,54
322,2369,412,238,car,66,36
324,2369,410,267,car,63,53
322,2370,397,255,car,102,58
324,2370,397,267,car,67,57
325,2370,512,217,car,68,52
322,2371,383,261,car,108,61
324,2371,380,269,car,74,63
325,2371,501,224,car,69,53
324,2372,367,273,car,75,64
325,2372,488,228,car,69,53
325,2373,474,232,car,67,52
325,2374,461,238,car,74,56
325,2375,447,244,car,73,56
325,2376,435,248,car,75,57
325,2377,415,256,car,79,59
325,2378,402,260,car,80,60
327,2378,268,549,car,112,69
327,2379,291,532,car,105,64
325,2380,365,278,car,66,50
327,2380,313,516,car,102,63
328,2380,191,325,car,49,46
325,2381,352,281,car,80,62
327,2381,334,502,car,100,61
328,2381,165,337,car,53,50
330,2381,208,350,car,81,64
325,2382,338,286,car,83,64
327,2382,354,489,car,101,63
328,2382,139,348,car,53,48
330,2382,187,359,car,80,62
325,2383,325,292,car,86,66
327,2383,371,479,car,100,63
328,2383,117,357,car,53,48
330,2383,168,367,car,86,68
325,2384,308,299,car,88,68
327,2384,391,467,car,97,61
330,2384,150,374,car,85,68
325,2385,291,306,car,90,70
327,2385,409,456,car,100,64
330,2385,119,388,car,93,73
325,2386,273,314,car,90,69
327,2386,423,441,car,89,57
330,2386,95,404,car,92,71
325,2387,256,320,car,94,72
327,2387,440,429,car,89,57
330,2387,66,419,car,86,67
325,2388,238,328,car,96,73
327,2388,457,419,car,83,53
330,2388,47,429,car,87,68
325,2389,220,337,car,97,74
327,2389,471,408,car,85,53
325,2390,202,345,car,100,77
327,2390,486,399,car,85,53
325,2391,181,353,car,101,78
327,2391,500,393,car,85,53
325,2392,159,356,car,104,80
327,2392,515,383,car,81,50
333,2392,510,212,car,76,55
325,2393,137,371,car,113,87
327,2393,531,372,car,79,49
333,2393,500,216,car,95,68
325,2394,115,380,car,115,89
327,2394,544,363,car,71,43
333,2394,491,220,car,101,72
325,2395,88,391,car,119,92
327,2395,561,353,car,68,42
325,2396,70,398,car,122,94
327,2396,570,346,car,72,45
327,2397,582,338,car,67,41
327,2398,593,332,car,64,40
327,2399,608,322,car,62,38
336,2402,356,287,car,68,60
336,2403,339,294,car,67,58
336,2404,322,300,car,69,59
336,2405,302,309,car,69,57
336,2406,283,316,car,71,58
336,2407,258,323,car,77,62
336,2408,240,330,car,79,63
333,2424,191,572,car,145,105
333,2425,181,586,car,145,105
343,2427,271,524,car,136,93
343,2428,295,509,car,131,90
343,2429,316,487,car,141,97
343,2430,339,471,car,138,95
344,2431,376,277,car,70,54
343,2432,379,449,car,125,87
344,2432,364,282,car,73,57
343,2433,398,436,car,112,78
343,2434,417,424,car,106,75
343,2435,438,410,car,102,71
343,2438,482,381,car,96,67
343,2439,497,372,car,93,65
343,2440,514,363,car,92,65
343,2441,531,352,car,93,65
343,2442,545,344,car,91,63
343,2443,559,335,car,90,62
347,2443,108,382,car,104,73
343,2444,574,326,car,87,59
347,2444,78,394,car,101,71
343,2445,587,318,car,89,61
347,2445,56,404,car,103,72
343,2446,598,311,car,84,57
348,2446,274,537,car,94,59
343,2447,613,302,car,81,55
348,2447,297,520,car,87,55
348,2449,342,489,car,98,62
348,2450,366,473,car,96,61
348,2451,386,462,car,97,62
348,2452,408,447,car,95,61
348,2453,424,437,car,92,59
348,2454,446,422,car,90,58
355,2464,330,491,car,98,59
356,2464,453,225,car,61,48
355,2465,351,478,car,102,62
356,2465,441,229,car,60,47
355,2466,373,464,car,104,63
356,2466,429,231,car,59,46
355,2467,394,452,car,95,58
356,2467,417,236,car,60,47
355,2468,414,438,car,92,56
356,2468,405,240,car,62,48
355,2469,430,429,car,89,55
356,2469,392,245,car,62,47
355,2470,450,416,car,87,53
356,2470,382,249,car,63,48
355,2471,461,409,car,85,52
356,2471,365,258,car,66,51
355,2472,479,397,car,82,51
356,2472,355,262,car,68,52
355,2473,491,389,car,78,49
355,2474,507,378,car,75,47
356,2474,325,270,car,74,56
355,2475,520,370,car,73,45
356,2475,312,273,car,72,54
355,2476,534,360,car,73,46
356,2476,299,280,car,76,57
355,2477,548,351,car,71,44
356,2477,283,286,car,78,58
355,2478,561,342,car,65,41
356,2478,268,291,car,80,59
355,2479,574,336,car,61,39
356,2479,252,298,car,78,57
355,2480,584,330,car,57,36
356,2480,234,305,car,79,57
355,2481,596,325,car,58,37
356,2481,218,313,car,79,56
355,2482,611,316,car,56,36
356,2482,202,320,car,84,60
356,2483,185,327,car,86,61
356,2484,168,334,car,85,60
356,2485,152,339,car,84,59
359,2485,337,483,car,93,66
356,2486,132,345,car,84,58
359,2486,358,467,car,91,63
356,2487,112,353,car,88,61
359,2487,378,453,car,91,64
356,2488,93,361,car,94,65
359,2488,398,440,car,85,59
356,2489,77,367,car,95,66
359,2489,418,430,car,81,56
359,2490,435,418,car,77,53
359,2491,453,406,car,72,49
359,2492,468,396,car,77,52
359,2493,482,387,car,76,52
359,2494,498,379,car,74,50
359,2495,512,369,car,74,50
362,2495,391,251,car,162,123
359,2496,526,362,car,80,54
362,2496,383,245,car,126,94
359,2497,544,353,car,74,51
362,2497,380,245,car,131,98
359,2498,558,347,car,78,54
359,2499,574,338,car,69,48
359,2500,585,327,car,63,44
359,2501,596,320,car,63,44
359,2502,611,311,car,62,43
369,2512,269,536,car,116,80
369,2513,293,519,car,114,78
369,2514,315,504,car,111,76
369,2515,340,489,car,108,74
369,2516,360,475,car,104,71
369,2517,381,460,car,99,68
369,2518,405,444,car,95,65
369,2519,423,430,car,93,64
369,2520,445,415,car,90,62
369,2521,460,408,car,88,61
369,2522,477,395,car,80,54
362,2523,433,255,car,52,38
369,2523,498,381,car,75,51
362,2524,435,256,car,49,35
362,2525,403,266,car,58,41
362,2526,389,272,car,62,44
362,2527,373,278,car,61,43
362,2528,355,285,car,65,46
362,2529,342,290,car,66,47
362,2530,319,300,car,75,54
362,2531,299,309,car,86,63
362,2532,278,315,car,85,63
362,2533,256,325,car,81,59
362,2534,233,334,car,83,61
362,2535,213,342,car,86,64
373,2535,400,239,car,90,64
362,2536,191,353,car,84,62
373,2536,391,243,car,93,67
362,2537,168,365,car,84,62
362,2538,149,373,car,86,64
362,2539,121,381,car,95,72
373,2539,350,257,car,87,63
362,2540,96,394,car,90,68
373,2540,339,262,car,89,64
362,2541,67,407,car,92,69
373,2541,322,268,car,90,66
362,2542,47,416,car,94,70
373,2542,307,271,car,85,62
373,2543,295,275,car,86,63
373,2544,279,282,car,92,67
373,2545,265,288,car,91,67
373,2546,249,292,car,93,68
373,2547,234,298,car,91,68
373,2548,217,305,car,94,70
375,2548,497,227,car,55,41
376,2548,427,236,car,53,42
373,2549,200,311,car,93,69
375,2549,484,235,car,63,48
376,2549,414,240,car,51,40
373,2550,180,320,car,101,75
375,2550,470,240,car,58,43
376,2550,403,245,car,53,42
373,2551,163,327,car,106,79
375,2551,455,247,car,63,47
376,2551,389,250,car,53,42
373,2552,148,334,car,109,82
375,2552,441,253,car,68,50
376,2552,375,256,car,53,42
373,2553,129,340,car,110,83
375,2553,425,259,car,67,49
376,2553,364,260,car,53,42
373,2554,114,346,car,112,85
375,2554,408,266,car,65,47
375,2555,390,272,car,65,46
375,2556,373,281,car,69,48
376,2556,318,272,car,51,41
375,2557,354,289,car,75,52
376,2557,305,278,car,53,42
375,2558,333,297,car,74,51
376,2558,292,282,car,53,41
375,2559,312,305,car,77,52
376,2559,278,287,car,56,43
375,2560,291,312,car,77,52
376,2560,266,293,car,53,39
375,2561,272,322,car,89,60
376,2561,253,298,car,53,39
375,2562,255,328,car,98,68
375,2563,238,335,car,100,69
381,2580,511,223,car,58,56
381,2581,501,228,car,56,53
381,2583,474,240,car,60,57
381,2584,463,244,car,59,55
381,2585,465,237,car,74,70
381,2586,464,227,car,55,50
381,2587,456,228,car,53,49
381,2593,383,251,car,44,40
381,2594,372,254,car,42,38
389,2604,83,405,car,112,79
389,2605,61,414,car,113,80
393,2609,365,283,car,65,46
393,2610,352,289,car,65,46
394,2610,130,351,car,74,49
393,2611,329,296,car,68,48
394,2611,109,360,car,82,54
393,2612,310,306,car,77,55
394,2612,90,367,car,83,54
393,2613,292,313,car,81,57
394,2613,73,374,car,85,55
393,2614,271,321,car,82,58
393,2615,255,327,car,83,59
396,2616,453,222,car,58,44
393,2617,210,348,car,88,62
396,2617,441,227,car,59,45
393,2618,189,355,car,101,73
396,2618,430,231,car,59,45
393,2619,172,363,car,104,75
396,2619,416,236,car,61,47
396,2620,406,240,car,62,47
396,2621,394,244,car,63,48
396,2622,383,249,car,61,47
396,2623,373,254,car,62,47
396,2624,359,257,car,63,48
396,2625,342,260,car,65,49
396,2626,328,265,car,69,52
396,2627,317,269,car,70,53
396,2628,301,272,car,69,52
396,2629,289,276,car,70,53
396,2630,270,284,car,70,52
396,2631,255,292,car,71,52
396,2632,239,299,car,72,52
396,2633,222,306,car,74,53
399,2633,449,201,car,97,85
396,2634,207,312,car,73,52
399,2634,437,206,car,101,88
396,2635,191,320,car,76,54
399,2635,427,211,car,106,92
396,2636,174,325,car,77,55
399,2636,415,216,car,107,94
396,2637,158,334,car,76,53
399,2637,403,219,car,106,93
396,2638,140,340,car,77,53
399,2638,391,229,car,121,107
396,2639,122,348,car,81,55
399,2639,379,234,car,116,103
396,2640,103,355,car,90,62
399,2640,364,240,car,120,107
396,2641,81,364,car,99,68
399,2641,351,246,car,124,111
396,2642,65,371,car,101,70
399,2642,335,251,car,123,110
399,2643,322,255,car,128,114
399,2644,308,258,car,135,121
399,2645,293,265,car,140,126
399,2646,279,271,car,141,127
399,2647,265,277,car,145,131
399,2648,252,285,car,145,132
399,2649,238,293,car,145,131
399,2650,219,300,car,151,137
399,2651,200,308,car,151,136
399,2652,183,313,car,154,138
399,2653,165,320,car,161,144
399,2654,145,327,car,164,148
399,2655,128,337,car,169,152
399,2656,106,348,car,175,156
399,2657,89,356,car,179,160
399,2658,73,363,car,182,163
401,2692,280,529,car,133,81
401,2693,304,514,car,128,80
401,2694,332,495,car,118,74
402,2694,240,464,car,101,63
401,2695,354,482,car,107,68
402,2695,266,450,car,100,63
401,2696,375,467,car,112,71
402,2696,292,437,car,96,60
401,2697,399,451,car,110,71
402,2697,318,423,car,94,58
402,2698,342,410,car,88,54
401,2699,438,426,car,94,60
402,2699,365,399,car,91,56
399,2700,89,593,car,181,167
401,2700,455,415,car,86,55
402,2700,386,384,car,86,53
399,2701,115,587,car,185,172
401,2701,471,405,car,87,56
402,2701,405,377,car,94,58
403,2701,529,216,car,103,85
399,2702,153,567,car,165,154
401,2702,489,394,car,80,51
402,2702,424,365,car,84,53
403,2702,517,218,car,95,78
399,2703,168,566,car,161,150
401,2703,505,383,car,77,49
402,2703,447,353,car,81,51
403,2703,509,219,car,94,77
401,2704,521,373,car,80,52
399,2705,237,514,car,157,148
401,2705,537,363,car,75,49
402,2705,478,334,car,69,43
403,2705,473,228,car,91,75
399,2706,272,484,car,130,119
401,2706,551,353,car,73,48
402,2706,494,325,car,65,41
403,2706,450,235,car,84,71
399,2707,296,471,car,121,111
401,2707,566,342,car,67,44
402,2707,514,313,car,62,38
403,2707,437,238,car,83,70
401,2708,579,334,car,67,44
402,2708,526,308,car,60,37
401,2709,592,326,car,64,42
402,2709,538,304,car,70,44
403,2709,408,249,car,68,58
401,2710,601,320,car,63,42
402,2710,552,296,car,69,44
403,2710,395,252,car,73,63
401,2711,617,310,car,61,40
402,2711,569,287,car,68,43
403,2711,381,256,car,71,62
403,2716,299,304,car,69,59
403,2717,285,311,car,70,59
403,2718,270,318,car,69,58
408,2719,256,459,car,132,78
408,2720,283,441,car,122,73
399,2721,556,314,car,95,84
403,2721,223,325,car,79,67
408,2721,306,429,car,122,73
399,2722,575,302,car,92,82
403,2722,204,337,car,84,72
408,2722,329,417,car,116,70
409,2722,264,313,car,119,59
403,2723,185,340,car,84,73
408,2723,353,401,car,109,65
409,2723,257,317,car,115,57
403,2724,163,350,car,96,85
408,2724,375,393,car,119,72
403,2725,140,362,car,99,88
408,2725,393,381,car,112,69
403,2726,119,368,car,96,86
408,2726,412,368,car,96,59
403,2727,96,388,car,81,69
408,2727,429,356,car,90,55
403,2728,72,393,car,101,85
408,2728,450,347,car,92,57
403,2729,97,383,car,94,78
408,2729,472,330,car,67,40
403,2730,79,396,car,124,103
408,2730,486,324,car,81,49
403,2731,64,403,car,129,106
408,2731,507,312,car,71,43
408,2732,522,308,car,75,46
411,2732,521,201,car,52,41
408,2733,535,299,car,74,47
411,2733,511,203,car,51,39
408,2734,553,289,car,72,45
411,2734,500,208,car,55,43
411,2735,491,211,car,56,44
411,2741,422,237,car,60,47
411,2742,411,242,car,60,47
411,2743,399,245,car,61,48
411,2744,387,250,car,63,50
411,2745,374,254,car,62,49
411,2746,364,258,car,63,50
411,2748,337,271,car,66,53
411,2749,324,275,car,66,52
411,2750,310,280,car,68,54
411,2751,297,284,car,69,55
411,2752,282,290,car,71,57
411,2753,266,296,car,71,56
411,2754,251,300,car,69,55
411,2755,239,304,car,70,55
411,2756,219,312,car,72,57
411,2757,205,316,car,74,58
411,2758,189,323,car,72,57
411,2759,176,328,car,73,58
411,2761,137,346,car,74,59
411,2762,123,353,car,76,59
411,2763,105,360,car,81,62
411,2764,88,366,car,84,64
411,2765,72,372,car,85,65
420,2767,336,279,car,89,56
420,2768,320,283,car,90,57
420,2769,304,285,car,82,51
422,2769,498,211,car,152,130
420,2770,287,294,car,93,58
422,2770,486,214,car,151,129
420,2771,270,298,car,87,54
422,2771,474,217,car,145,123
420,2772,255,300,car,78,46
422,2772,459,225,car,155,130
420,2773,233,307,car,82,47
422,2773,447,231,car,163,136
420,2774,219,313,car,85,48
422,2774,432,234,car,163,135
420,2775,202,317,car,81,45
422,2775,419,238,car,167,138
420,2776,185,322,car,79,43
422,2776,406,243,car,173,142
420,2777,167,335,car,104,58
422,2777,386,250,car,173,141
420,2778,151,338,car,87,47
422,2778,377,253,car,173,138
424,2778,280,532,car,112,67
420,2779,125,352,car,114,63
422,2779,326,292,car,106,84
424,2779,308,514,car,116,70
420,2780,105,361,car,121,67
422,2780,331,275,car,172,135
424,2780,334,495,car,102,62
420,2781,84,368,car,120,66
422,2781,321,278,car,194,153
424,2781,359,482,car,107,65
420,2782,66,374,car,123,68
422,2782,304,283,car,207,163
424,2782,382,465,car,99,61
422,2783,289,288,car,210,163
424,2783,405,449,car,90,55
422,2784,278,295,car,218,169
424,2784,428,435,car,87,53
422,2785,256,302,car,224,175
424,2785,448,422,car,85,52
422,2786,234,310,car,226,175
424,2786,467,409,car,83,51
422,2787,214,318,car,229,177
424,2787,491,394,car,79,49
425,2787,229,475,car,102,64
422,2788,191,329,car,227,172
425,2788,256,459,car,105,67
422,2789,171,338,car,235,177
425,2789,282,446,car,104,66
422,2790,147,345,car,237,176
425,2790,306,432,car,103,66
422,2791,128,353,car,245,181
425,2791,331,419,car,96,61
422,2792,117,357,car,242,179
425,2792,352,408,car,99,64
422,2793,104,364,car,245,184
425,2793,374,393,car,88,56
422,2794,96,370,car,228,172
425,2794,392,382,car,87,56
422,2795,81,376,car,231,174
425,2795,411,371,car,83,53
425,2796,434,358,car,79,51
425,2798,465,341,car,78,50
425,2799,483,332,car,72,46
425,2800,503,320,car,69,44
435,3000,337,495,car,110,63
